{
  "method": "PCA_weighted",
  "explained_variance_ratio": 0.4436369897489109,
  "pca_weights": [
    0.10163217112185599,
    0.073453980713524,
    0.07926371629527364,
    0.08505870009434965,
    0.10644095839895376,
    0.12950945519637885,
    0.11562918161031865,
    0.1120317938992981,
    0.09467917982692504,
    0.10230086284312234
  ],
  "n_components_used": 1,
  "total_intervals": 71,
  "active_intervals": 71
}